Datetime,Water Level (m)
2025-02-18 18:00:00,-0.52932835
2025-02-18 19:00:00,-0.2655112
2025-02-18 20:00:00,-0.06752753
2025-02-18 21:00:00,0.0921225
2025-02-18 22:00:00,0.19821873
2025-02-18 23:00:00,0.1681106
2025-02-19 00:00:00,-0.0025128173
2025-02-19 01:00:00,-0.20924337
2025-02-19 02:00:00,-0.3635811
2025-02-19 03:00:00,-0.49555826
2025-02-19 04:00:00,-0.5808233
2025-02-19 05:00:00,-0.66824853
2025-02-19 06:00:00,-0.71089756
2025-02-19 07:00:00,-0.5530423
2025-02-19 08:00:00,-0.30740187
2025-02-19 09:00:00,-0.14594924
2025-02-19 10:00:00,0.01369073
2025-02-19 11:00:00,0.093275994
2025-02-19 12:00:00,0.066683665
2025-02-19 13:00:00,-0.06901442
2025-02-19 14:00:00,-0.22054404
2025-02-19 15:00:00,-0.32966486
2025-02-19 16:00:00,-0.41626048
2025-02-19 17:00:00,-0.47653413
2025-02-19 18:00:00,-0.51209235
2025-02-19 19:00:00,-0.41960707
2025-02-19 20:00:00,-0.20528844
2025-02-19 21:00:00,-0.08406468
2025-02-19 22:00:00,0.01193271
2025-02-19 23:00:00,0.0366258
2025-02-20 00:00:00,-0.06429372
2025-02-20 01:00:00,-0.25476763
2025-02-20 02:00:00,-0.41191852
2025-02-20 03:00:00,-0.5366252
2025-02-20 04:00:00,-0.6243794
2025-02-20 05:00:00,-0.6950756
2025-02-20 06:00:00,-0.740964
2025-02-20 07:00:00,-0.7129103
2025-02-20 08:00:00,-0.49939924
2025-02-20 09:00:00,-0.33513802
2025-02-20 10:00:00,-0.19721773
2025-02-20 11:00:00,-0.06374007
2025-02-20 12:00:00,-0.022738166
2025-02-20 13:00:00,-0.056662966
2025-02-20 14:00:00,-0.16707185
2025-02-20 15:00:00,-0.2777359
2025-02-20 16:00:00,-0.35748863
2025-02-20 17:00:00,-0.4128545
2025-02-20 18:00:00,-0.44801882
2025-02-20 19:00:00,-0.45407945
2025-02-20 20:00:00,-0.36538425
2025-02-20 21:00:00,-0.24808547
2025-02-20 22:00:00,-0.20204511
2025-02-20 23:00:00,-0.16297342
2025-02-21 00:00:00,-0.19290143
2025-02-21 01:00:00,-0.30875254
2025-02-21 02:00:00,-0.45368916
2025-02-21 03:00:00,-0.57149047
2025-02-21 04:00:00,-0.6604159
2025-02-21 05:00:00,-0.7194607
2025-02-21 06:00:00,-0.74749994
2025-02-21 07:00:00,-0.745337
2025-02-21 08:00:00,-0.6459433
2025-02-21 09:00:00,-0.48141506
2025-02-21 10:00:00,-0.36440748
2025-02-21 11:00:00,-0.24693906
2025-02-21 12:00:00,-0.14558876
2025-02-21 13:00:00,-0.1045117
2025-02-21 14:00:00,-0.1108068
2025-02-21 15:00:00,-0.16008082
2025-02-21 16:00:00,-0.237546
2025-02-21 17:00:00,-0.30412832
2025-02-21 18:00:00,-0.33817825
2025-02-21 19:00:00,-0.35762307
2025-02-21 20:00:00,-0.35930854
2025-02-21 21:00:00,-0.34119287
2025-02-21 22:00:00,-0.3163863
2025-02-21 23:00:00,-0.30507866
2025-02-22 00:00:00,-0.31870228
2025-02-22 01:00:00,-0.35776854
2025-02-22 02:00:00,-0.43864095
2025-02-22 03:00:00,-0.5297967
2025-02-22 04:00:00,-0.61711794
2025-02-22 05:00:00,-0.6835691
2025-02-22 06:00:00,-0.72252446
2025-02-22 07:00:00,-0.73523086
2025-02-22 08:00:00,-0.71886665
2025-02-22 09:00:00,-0.6486397
2025-02-22 10:00:00,-0.519098
2025-02-22 11:00:00,-0.4051312
2025-02-22 12:00:00,-0.29093677
2025-02-22 13:00:00,-0.18228623
2025-02-22 14:00:00,-0.1162983
2025-02-22 15:00:00,-0.08741921
2025-02-22 16:00:00,-0.0961216
2025-02-22 17:00:00,-0.14523214
2025-02-22 18:00:00,-0.2359083
2025-02-22 19:00:00,-0.3053498
2025-02-22 20:00:00,-0.3552688
2025-02-22 21:00:00,-0.4115897
2025-02-22 22:00:00,-0.4643937
2025-02-22 23:00:00,-0.5086755
2025-02-23 00:00:00,-0.5088006
2025-02-23 01:00:00,-0.46291485
2025-02-23 02:00:00,-0.43032807
2025-02-23 03:00:00,-0.43344715
2025-02-23 04:00:00,-0.45632932
2025-02-23 05:00:00,-0.5175877
2025-02-23 06:00:00,-0.60439396
2025-02-23 07:00:00,-0.6800034
2025-02-23 08:00:00,-0.7284244
2025-02-23 09:00:00,-0.75120074
2025-02-23 10:00:00,-0.7416887
2025-02-23 11:00:00,-0.6526693
2025-02-23 12:00:00,-0.4695033
2025-02-23 13:00:00,-0.2981094
2025-02-23 14:00:00,-0.14488326
2025-02-23 15:00:00,-0.01972034
2025-02-23 16:00:00,0.042204328
2025-02-23 17:00:00,0.048463803
2025-02-23 18:00:00,-0.027730929
2025-02-23 19:00:00,-0.17492364
2025-02-23 20:00:00,-0.30221018
2025-02-23 21:00:00,-0.38956597
2025-02-23 22:00:00,-0.45596096
2025-02-23 23:00:00,-0.5211402
2025-02-24 00:00:00,-0.5819899
2025-02-24 01:00:00,-0.5813185
2025-02-24 02:00:00,-0.45886347
2025-02-24 03:00:00,-0.3422176
2025-02-24 04:00:00,-0.29641527
2025-02-24 05:00:00,-0.26706383
2025-02-24 06:00:00,-0.32226613
2025-02-24 07:00:00,-0.45471445
2025-02-24 08:00:00,-0.5799672
2025-02-24 09:00:00,-0.67170113
2025-02-24 10:00:00,-0.7432616
2025-02-24 11:00:00,-0.78035176
2025-02-24 12:00:00,-0.75893
2025-02-24 13:00:00,-0.53579795
2025-02-24 14:00:00,-0.29497617
2025-02-24 15:00:00,-0.10674958
2025-02-24 16:00:00,0.07515109
2025-02-24 17:00:00,0.16993956
2025-02-24 18:00:00,0.17725423
